{"cameraMode":{"drawMode":0,"name":"Shaded","section":"Shading Mode"},"sceneLighting":true,"audioPlay":false,"sceneViewState":{"m_AlwaysRefresh":false,"showFog":true,"showSkybox":true,"showFlares":true,"showImageEffects":true,"showParticleSystems":true,"showVisualEffectGraphs":true,"m_FxEnabled":true},"in2DMode":false,"pivot":{"x":9.979999542236329,"y":3.053129196166992,"z":8.630000114440918},"rotation":{"x":-0.20968709886074067,"y":0.10041391104459763,"z":-0.021655544638633729,"w":-0.9723453521728516},"size":12.034331321716309,"orthographic":true}