{"cameraMode":{"drawMode":0,"name":"Shaded","section":"Shading Mode"},"sceneLighting":false,"audioPlay":false,"sceneViewState":{"m_AlwaysRefresh":false,"showFog":true,"showSkybox":false,"showFlares":true,"showImageEffects":true,"showParticleSystems":true,"showVisualEffectGraphs":true,"m_FxEnabled":true},"in2DMode":false,"pivot":{"x":382.91192626953127,"y":328.8387756347656,"z":-69.22503662109375},"rotation":{"x":0.007453725673258305,"y":0.11076901853084564,"z":-0.0008307745447382331,"w":0.9938173890113831},"size":450.14483642578127,"orthographic":true}