{"cameraMode":{"drawMode":0,"name":"Shaded","section":"Shading Mode"},"sceneLighting":false,"audioPlay":false,"sceneViewState":{"m_AlwaysRefresh":false,"showFog":true,"showSkybox":false,"showFlares":true,"showImageEffects":true,"showParticleSystems":true,"showVisualEffectGraphs":true,"m_FxEnabled":true},"in2DMode":false,"pivot":{"x":6.299999237060547,"y":-1.4199999570846558,"z":1.0699996948242188},"rotation":{"x":-0.20968709886074067,"y":0.10041391104459763,"z":-0.021655544638633729,"w":-0.9723453521728516},"size":28.284809112548829,"orthographic":true}