{"cameraMode":{"drawMode":0,"name":"Shaded","section":"Shading Mode"},"sceneLighting":false,"audioPlay":false,"sceneViewState":{"m_AlwaysRefresh":false,"showFog":true,"showSkybox":false,"showFlares":true,"showImageEffects":true,"showParticleSystems":true,"showVisualEffectGraphs":true,"m_FxEnabled":true},"in2DMode":false,"pivot":{"x":0.7527040839195252,"y":0.08703471720218659,"z":0.9635812640190125},"rotation":{"x":0.017410175874829294,"y":-0.8940755128860474,"z":0.034887611865997317,"w":0.44621074199676516},"size":0.29588329792022707,"orthographic":false}