{"cameraMode":{"drawMode":0,"name":"Shaded","section":"Shading Mode"},"sceneLighting":false,"audioPlay":false,"sceneViewState":{"m_AlwaysRefresh":false,"showFog":true,"showSkybox":false,"showFlares":true,"showImageEffects":true,"showParticleSystems":true,"showVisualEffectGraphs":true,"m_FxEnabled":true},"in2DMode":false,"pivot":{"x":-0.28037381172180178,"y":-0.05188940465450287,"z":-0.6349952220916748},"rotation":{"x":-0.024310771375894548,"y":0.5854785442352295,"z":-0.017570240423083307,"w":-0.8101332783699036},"size":1.809993028640747,"orthographic":false}